sequence,label
GHSVISL,0
GDENLH,1
DREEKI,0
PVSGEL,1
KGNKF,0
FVQWFSKFLGRIL,0
HHTDP,1
FTDVAG,0
GKGRY,1
KDGTY,1
IILTM,0
TVHLS,1
ILDLEIL,0
EAGTRC,0
RHKPD,1
DNKED,1
VIVDSIL,0
RPDDS,1
HSEQH,1
STQQP,1
LQHSW,0
MNEVVHT,1
ILQMM,0
RDREL,1
NLMKD,0
ITVIE,0
DEGGIEE,0
MGDSS,1
GMWSKILGHLIR,0
RGLVLW,0
NDGFASQ,0
SWREG,0
MAFGKREPRD,0
KDKGA,1
AKPEDY,0
DSITT,1
QDVDQREAPL,1
PHQNFE,1
YRDRG,0
DCSEPE,1
SMGCE,1
VSASKAQ,0
GRPLDKHEG,1
AGLPR,1
LLHYT,0
GGTSVF,0
DPPDV,1
RPVTIKWA,0
IRAHE,1
KGSKEK,1
HNEMKSWA,1
EKRRKA,1
CGAKN,1
GKPFT,0
FWGALAKGALKLIPSLFSSFSKKD,0
NDKRQ,1
TVENGE,0
RKTAARQD,0
VILETQFKEVS,0
PCTDYI,1
LGHFAD,1
EKGFMSS,1
KFISVEDV,0
IKRPY,0
DWVEQK,0
DIDGRS,1
PDRYT,1
QSMKE,1
PGHGR,0
AVVES,0
ENHHNP,1
LDVHD,0
QIEKQ,0
KAKGE,1
DQLTEE,1
LPSDLEHGK,0
PSMAI,0
NQAEK,1
VRQHG,0
SPQGG,1
YEAGPDAVL,1
LDGEL,0
IKVVVV,0
LDPPEC,1
SGFTL,0
KILKP,0
YGTKRL,1
VMCKR,0
VATSQD,1
NGTPVMY,1
LAAKEAKL,1
DYDPN,1
QGPFL,1
ILREFY,0
IGGATR,1
MFEDDIAA,0
KKDSG,1
DGRILS,0
PLEKRSE,1
TLAGKHTLQP,1
EEGGH,1
REQSHK,1
INEKCR,0
KKGGIIGT,0
ESQSLS,1
YRLVCADRM,0
KQYSGKFF,1
KCEDTWS,1
DRSVV,0
SILPTIVSFLSKVF,0
FLFAAF,0
REGQK,1
KGEIQG,0
SPHLK,0
LSFTE,0
VTMRI,0
FLPVLAGIAAKVVPALFCKITKKC,0
CLLDP,0
PSFPG,1
DVSGG,0
PRCIYD,0
PSGEI,1
FLPILASLAAKFGPKLFCLVTKKC,0
KDHSFF,1
WEDNKF,1
QDRRT,1
KFLTEQAC,0
DDGSF,1
LIIYD,0
EKLDFKF,0
HALRM,0
GVDKLQLQTKE,0
TSLRI,0
QSEDCTI,1
EGESQ,1
ASATEM,0
VGKGSL,1
KFLGT,1
EKKTE,1
TKAHNG,1
LERAR,0
AASCN,0
QLQQGQ,1
GGTNLRD,1
EVANPEHYIK,1
SADID,1
FALGAVTKRLPSLFCLITRKC,0
SSKRKDESR,1
NEGQNIIVIV,1
YISSP,1
ADGNG,1
FFGHLFKLATKIIPSLFQ,0
FLPIIAGVAAKVLPKIFCAISKKC,0
ILEVGK,0
HCRHL,0
WKTTEG,0
LGQYEF,0
NEVDYRQ,1
KMLKG,0
SPDDK,1
ATRQA,1
TDRPER,1
PQGEK,1
GPSGA,1
QNFAK,1
VLKNP,0
KNLKNG,1
AHGDLLP,1
LGKSISR,1
RPSHLK,0
KEGVSWR,0
RGFDI,0
FNGEGR,0
VVRKQD,1
ESIRINANA,0
REQLLPK,1
DLTEKD,1
VSFLS,1
DELRGLMESIV,0
IVENNE,1
AIANDVLC,0
QIQLCY,0
HPEMFK,0
IVPTN,0
IQKDN,0
FLPLLLAGLPLKLCFLFKKC,0
TEMSG,0
HPGYA,1
RSGQD,1
TEIGAK,0
QKPHKK,1
RLLWLK,0
KIGDT,1
MLWSRK,0
LERGYRR,1
VYKKA,0
CEQKN,0
QKMDTKK,1
TDGLE,1
IRIAMQ,0
DPQHTKK,1
KATDEN,1
GSHMI,1
AQQNRV,1
ELTTE,0
TLNRG,0
LHSGTAKS,1
MDKSS,1
TSVTPT,0
LAVMS,0
LAAIQLRD,0
QFTIGKH,0
YMKIE,0
DGPVA,0
AAIKG,0
CVFKQLAIL,0
KGDGP,1
LTDLQPDSS,0
FLRFIGSVIHGIGHLVHHIGVAL,0
ELESHGQ,0
TEGDK,1
TRRDP,1
YQFQED,0
CGHPSGEM,0
RAPGGKAQ,0
DKREAER,0
SIRVQ,0
VIVIW,0
DNEQL,1
GVEGG,0
MRGED,0
QKSNEV,1
ASDNE,0
EDAGPQPGS,1
RGVLG,0
QGHTFED,1
ATEDV,1
KAISNAST,0
YHENM,1
ENTDD,1
GIHPF,0
AKHDE,1
VGEEV,1
PDNDS,1
HRLQQAQMLR,1
TPRLN,0
GIDAV,0
LGRTN,1
PRSFG,0
LKRAGF,0
RRHAD,0
TVPGH,1
EAEAEV,1
MGLKP,1
VKNEEDVAELS,1
FFPIIAGMAAKLIPSLFCKITKKC,0
PKGML,1
MNDEG,1
SSLHE,0
DIKIEA,0
KDHRGIIPNR,1
APVPET,1
PNEDA,1
ERPRP,1
EKETEGLRQE,1
ISIKYAEI,0
KNWKEESD,1
DCSAL,0
HQQTEAVL,1
ADGDGE,1
RVTFS,1
VNKVL,1
TKSGSTTKNR,1
KWLAL,0
ATEESCK,1
QAPGN,1
GYAKS,0
LTHSL,1
VISKW,0
TPEELGS,0
HVGVVL,0
EQPDGR,1
RIFGVS,0
QARDP,0
PTCCVT,1
RTQIV,0
PRTRK,1
GVVLYKN,0
TAMPRDL,0
DQVSQ,1
LINAF,0
REDYR,1
TDGNGE,1
FEPVVH,0
KDLPG,1
KSIYL,0
EEHDLV,0
FLAVGA,0
IFGTQ,1
ENTRS,0
KNLRRITRKIIHIIKKYGPTILRIIRIIG,0
DSEEE,1
TPEWPG,1
NYSLI,0
YKSKQ,1
LASGE,1
RKHRYL,0
KTVGI,1
SGRCRRF,1
FLPIIAKVLSGLL,0
DGDGE,1
HPFPS,0
AEHVPE,1
SFEDE,1
QMLEP,0
QESQK,1
TDFNQT,0
QLRRLQEER,1
AALREDKDP,1
SIVVE,0
EWRIEN,0
KKAGSG,1
NIDGT,1
KPEIR,1
KKGDQ,1
DRKVSQP,1
KAHTTK,1
MERKK,1
FKWESK,1
SGDVSVD,0
GIRCPKSWKCKAFKQRVLKRLLAMLRQHAF,0
IFTNSEIAA,0
TADIVSV,0
EEHPFEK,1
LKGNK,1
IDREII,1
ELLAQAYG,0
MSPTEVR,0
FVESAKDQ,0
VKLKGI,0
FQKIPTE,1
TLTSGL,0
QLVYQ,0
VWKQGVD,1
STAILKQKN,1
VTGEMMGG,1
PICMD,1
TAKDV,0
ATLTPF,0
DPPLSSV,1
LLKSNT,0
PKRPMSIPII,1
SAALA,1
EETPKK,1
LEHSDGD,0
LWFQNQ,0
NKILET,0
KKLLPA,1
RDGKT,1
TGPRLS,1
PGGSEP,1
TFVKW,0
RPKDKQAL,1
STAGKV,1
VASKRS,0
EYGARQ,1
FVSGSQ,0
TKTHN,1
VEQIRE,1
ERCSDSDGL,1
EAKKKGCKDR,0
DLEYGSEYCW,0
FLSLALAALPKLFCLIFKKC,0
EQQKK,1
AMTRAEGA,0
REKLRRAAEE,1
MTERM,0
HRCRVQ,1
QFTFLGALE,0
VDDSR,0
QYMTRTL,0
CEAVH,0
ELLELP,0
EGEARETKA,1
RQYGP,0
ELLSS,0
RGKRD,1
LWRPTLC,0
SNAAVKQ,0
VEMYSE,1
FVGVLS,0
SQQGV,1
ANAASQ,0
FEGITAG,0
DQQEV,0
LEGCA,1
KNKKF,1
QEHKAS,1
TCNPS,1
TGYGNR,1
LPSDP,1
GKPPV,0
VRGYA,0
AILGAVEAY,0
PPAKG,0
FFPIIAGMAAKVICAITKKC,0
ESETA,0
EDPLE,1
KEPGHP,1
YIVGVRDSSV,0
VHSENLE,1
GLVFL,0
GYGYDL,0
NDEGE,1
PFRPD,1
DYESLEK,1
GTKGGQD,1
PFKELV,0
RGYPDS,1
GDQNPQ,1
QKFGER,1
MMTAKA,1
ERSTSW,0
VNRALTGK,0
ENGTR,1
SDEAE,1
KCDRW,1
KDRSRSG,0
DYFAL,1
IGYFLY,0
FAAPLT,0
SHDGV,1
RRNSTAK,1
TDSNK,1
IASRNKE,0
AFQPK,1
WLTGGN,0
KGEQEK,1
KEWGPK,1
IYQGA,1
RGFKL,0
EEGQT,1
MLIFI,0
NPAWQ,1
EKNGSKY,1
KRKKE,0
HWGSV,0
GLPVCGETCVGGTCNTPGCTCSWPVCTRN,0
NTDNPS,1
DGSPS,1
PVCDSP,0
LDPAAE,0
LRAYV,0
TQEGN,1
NAAVQS,0
DQGNDEE,1
TINPDTT,1
PRSNSV,0
DFKPNR,0
IKNNL,1
GLRFM,0
PDWVD,1
ADIGL,1
EEVKAK,1
NVGET,1
ETTGN,1
CEAKDV,0
GSPRG,0
RRMAS,1
KFLSDE,1
NFGQQA,0
GTDCPH,0
NMFGKDEV,0
TKADG,1
NNARV,0
GRSNT,1
NCQVK,1
QLSKMAA,0
NYTQSC,0
EQKDVS,0
NSCTH,1
RVPDHQDI,1
CAEHGGIG,0
PGGTR,1
NVAKFYVEEIR,0
LRNWE,0
ELESLI,0
PCKMKED,1
RAGEVQE,1
QTKVAL,0
AVQKV,0
NKDKEGK,1
ERVRQGK,1
HESKKWKY,0
GNGKQ,1
LPVCK,0
RKESGE,1
CLVEW,0
NNVSIR,0
AGKRY,1
ESNIFL,0
DSRDPVQ,1
KGTNGQVTR,1
FGCQLEEP,1
TEYDD,1
RADTQTYQP,1
PLYNRGKL,1
NLAPS,0
TIEVA,0
QIAAT,0
DPMDA,0
PFMVI,0
SQAYYQ,1
YSDSV,1
ESDNLF,1
AKHVT,0
GLPVCGETCVGGTCNTPGCSCSRPVCTAN,0
AKYRLAS,0
QYLGMS,1
EQLGD,0
LADKS,1
KFLSDEE,1
DANCFDY,0
ENEKV,1
GFIKL,0
LQLTFD,0
RDPWT,1
YLEDTP,0
VIGGTP,0
HGYGT,0
ACHVGWF,0
MGPLKT,1
RNVQE,0
PSTGHL,1
KLDNN,0
FLPMLAGLAASMVPKLVCLITKKC,0
PGYPLKEK,1
VCMDKE,1
TNTSL,1
NELVQK,1
KIHLQETV,0
DLDLQ,0
RQIKRKN,0
FAIDF,0
MDSMCP,0
IAMAM,0
TFEKG,0
SGSTEP,1
KYALGERQS,1
DPEVQ,1
GDPNYLH,1
PSSAV,1
KKRNKP,1
LLNWAMS,0
YWPEDN,1
KQNEL,0
ARLRPAL,1
HPIRK,1
IIVLI,0
VYGNWN,0
TPQIL,0
AEGYG,0
HEHKGKK,1
SVWIPV,1
EDDGEM,1
ETEGAVK,1
SETTQKA,1
NCPKK,1
PKNGSFQ,1
QFQSK,0
PEVQM,0
KPIEV,1
CHCDPS,0
QLEGDN,1
NRFSP,1
KPGSE,1
TDLGRS,1
YFNKY,1
AERDG,1
VAGRIP,1
TDTLSK,1
GKKDV,0
ASTRSS,1
SESLI,0
LTPRL,0
DARSEDP,0
RKNRQ,1
GKLNVKLTK,1
PFVGAQNFP,0
HEKNQN,1
SYTMI,1
GPLGS,1
KKQEEE,1
LCDKC,1
PEGQC,1
YHWGY,0
TAGSN,1
ETMED,1
YRSDL,0
VPGAC,0
LLQYSEE,1
GTDTT,1
EDKEI,1
QGSLETQE,1
LSEAQ,1
SCPEGYSGP,1
VEQKQQ,0
SYKTQ,1
QTNRL,1
QKTYQ,1
QQKQNQ,1
YKWED,0
DSEHHED,1
YDDQGR,1
SNGNA,1
KVKEVHD,1
SESTSEE,0
RLKQAAI,1
SLEGN,1
AEFLG,0
ICLSR,0
TGEPQ,1
SEVVEI,0
SLLAY,0
HVLQEE,1
QDGVS,1
LPLLQ,1
AKISN,1
NGKEG,1
ERIED,1
ESQLHHGDD,0
SQEGDKF,1
DLLSQ,1
EHGRPE,1
KKLKGEMLP,0
LLNKGD,0
ALKFTL,0
PEDNVI,0
GAQEI,0
ESLDE,0
NQATQ,1
SRARH,1
NQDKN,1
LPSWSDT,0
VYLGLNRD,0
VAALH,0
MDMANT,0
AAATV,0
VCRSR,1
FIGAVAGLLSKIF,0
EATSK,0
GLDMNSG,0
SARTD,0
YFLSQ,0
LIGQGVMIEFD,0
ITTSA,0
LLGMIPLAISAISSLSKL,0
ENYDQ,1
KDRLH,0
SLEEMQRR,1
PNRVR,0
PNEIKHG,0
DDGRP,1
VIKRE,1
SGSTE,1
LASDI,0
VCCQE,1
LGDAK,1
MKDTDSEE,1
TEESCK,1
SGPRAA,1
TGRIPDS,1
YDNGP,0
FLSHSVP,0
TFPESR,0
TQEGNK,1
KEEGV,1
SLRTK,0
LRLIGLTTI,1
WSAPT,0
ASSDE,0
PTGYGSSSR,1
WVTTDE,1
SGKQES,1
HWLYE,1
PKNADQVF,0
SVFGAIS,0
EGKLRE,0
SAKAGFVGVYS,0
PLLKSAE,1
GADMAS,0
SSEVH,0
TNCKG,0
HMELED,1
FESTESDN,1
DRLGPGM,1
IDEQQ,1
KTKDGK,1
TKDYGTKRL,1
YEVLEKV,0
QGDTK,0
HGTGF,1
TSGGT,1
KNDKSKT,1
LTKEV,0
HALKRL,0
DKLLN,0
LEWFDD,0
LVKQGRKL,0
GEERRR,1
DAHGQ,1
GQYTCFILGR,0
VRDKI,1
ATIHA,1
TGEKT,0
SEDAG,1
ATNVRDH,0
IRKVR,0
EEFVLP,1
EKGYYT,1
GRERQ,0
KVADP,1
WLDSAI,0
ADPEP,0
HLSGP,1
SLKNNV,1
QTEPEPKH,1
QEKSSGR,1
HILER,0
TEKHKA,1
QSFKT,0
LVMHPCKTYAI,0
QLNKGV,1
IGLSRKECSQ,0
YTLDEEL,1
GSGHE,0
KDGDGR,1
KSGGR,1
AVPADPAN,1
EEETRE,1
NSTAHS,0
SDKPG,1
PSPGPGR,1
ATAVDN,0
FRSLAQRV,0
RRIRAY,0
AQWLEP,0
KPLLP,1
RIHTIIA,0
GGMAKQPVV,1
ANAFL,0
ALQMSDL,0
PIGVQAE,1
NYEEE,0
KLKKDALEQSE,0
LVGSRV,0
DQFAS,0
KDGNQVW,1
DFIYHDRV,1
EKGVN,1
FKAAC,0
DASIIVLRLL,0
AMLVT,0
KLLGF,0
PTREG,0
DSEAIT,1
KGGNE,1
DKVCSNT,1
LNDSQ,1
EQGQA,1
DITSA,1
QIRGR,0
KNYHW,1
KELVN,0
HVVGL,0
RPRDKQ,1
ETMNE,1
VAESAY,0
GPKAQ,1
NNNIAR,1
LTKQKI,0
LQVLT,1
GAFCV,0
VFNEVI,0
GHAAAIS,0
QEPFL,1
TTSSS,1
ENGKS,1
GICTNE,1
LSSKEGTI,1
QRLYR,0
RYELEFYCSDN,0
HRENKVFM,1
YASTH,0
DSLGRE,1
VQGKS,1
AENTG,1
ITNNEK,1
QNVHAD,0
YDDVVL,0
KRTEAK,0
KMGLKD,1
CLAVD,0
IWDDR,0
SNPEV,1
VHDLK,0
SIPGI,0
RNERG,0
NMHLVEAQN,0
GHGPQDEI,1
FGGQK,1
LDFKEGAEA,0
KEGNKP,1
LQRLDT,0
YQRPQ,1
QEVPI,0
GLSSEQ,1
LTATF,0
NKGFT,1
MGIRA,0
IELKHA,1
KMGMGESCA,0
VEELQ,0
SNFHRIY,0
INLYQ,1
MGVED,1
EAVKR,0
NIYEKL,0
HLGKN,0
FHSHSEKV,0
RESKI,1
HLIFST,0
TGDAATR,1
VDRAPG,1
LCAAL,0
NNFAH,0
CGENQ,0
TKNGK,0
EEEDG,1
GLGLP,0
VVPTT,0
REEET,1
DEMEL,1
SHVGHTI,1
LANYNWE,0
TASKQFK,0
VSTTG,0
DSGKE,1
GDDPL,1
SEPVDN,0
DKHGK,0
LPSDPE,1
EKIYF,0
SPSESYEY,0
TKADGGT,1
TRNIA,0
GYINET,0
YDDDG,0
MEPVKKSE,1
HLLSSQ,0
YFVHHIS,0
RGYAR,0
DFNNV,0
ALWKTLLKNVGKAAGKAALNAVTDMVNQ,0
PTQNPS,0
DAGAS,1
ETSNASRD,0
GIPCGESCVFIPCITGAIGCSCKSKVCYRN,0
EALDG,1
KRFCL,0
NLTAAL,0
VHEGIYEEGI,1
DHVDTY,0
WDEGTT,0
GKAAP,1
KATVR,0
STRQA,0
SNACEY,0
MFIKELH,0
KDTFWK,1
KERAAH,1
FDGNAS,0
RENIR,0
TPTQHFKNQF,1
WVQKK,0
PLGERID,0
ESKGT,1
YYVDD,1
HSKFE,0
RTGDR,1
GATKF,0
AQEQSVS,0
GVLDILKNAAKNILAHAAEQI,0
QNSEN,1
HEASK,0
STQNSQ,0
PVPLEEVQL,1
DLGNS,1
IGTGKT,1
NYPRL,0
DTILEG,0
EYFDLCY,0
KGTLGRL,1
GKSSK,1
ENSVPED,1
KNNSTKKQ,1
RPMLEG,1
KMGLVLA,0
DNGTL,1
VSTEE,0
GKGKE,1
SHMDT,1
QLKGIE,1
DTYVD,0
ILPRKP,0
TEGSSPAY,1
KETEK,1
DEDVD,0
RRNAD,0
VVAGRS,0
ETQATDCL,0
IINQD,0
IIGPVLGLVGSALGGLLKKI,0
SDNNMERK,0
QAMVA,0
PLGYD,1
DSPEE,1
VKPNETG,0
QYEGV,1
DVFKN,0
AHTRE,0
ADQGGEM,0
AHSTD,0
SDGTQKVT,1
EKYNIEKD,1
SSPVW,1
KETGQE,0
LDQVF,0
HLRPT,0
SIGAYV,0
KEQRAAQK,1
EHAEA,1
LPQIEN,1
FLNKI,0
EKDTG,1
KKYHLGV,1
ALNLT,0
FREEE,0
SKTEGK,1
YSSKKL,1
VVLMA,0
WTYNL,0
SPLLGS,1
PRNTT,1
SKNQE,1
VSEHIWCE,1
LTQGLVEN,0
CSRRP,1
DSVRG,0
YRYRFLK,0
TPLPI,0
KLGSL,1
KLPGD,1
SSDFD,1
SAQTP,1
RDPEN,1
QTYER,1
ANVKE,0
PKHFQ,0
NGTVVPL,1
WEVSA,0
FGDILN,0
QRAAVL,0
EALLDRFE,0
AKAGK,0
GDDVAR,1
NPKKR,1
RALFI,0
RKLLEG,1
PAGTE,1
NRITNM,0
SCALRER,0
AIVSAD,0
SPDTR,0
KLDSQ,1
TTFGK,0
IFLPV,0
HELQLQL,0
TRKRVRDA,1
EPGYSPT,1
FLSDK,0
SRSGQNN,1
PGEPLV,1
TEICAD,1
LKQKTQ,1
IMKKDV,0
ENDENE,1
SSYKFNHL,1
PDPSLPP,1
SRSNRF,1
VSNNLP,1
EVQLKSAR,1
HGEIH,0
NSARKGP,0
NVLESFT,0
KHGYP,1
IQDNL,1
ADGKKIM,0
ETGGNSP,1
DSLNDDH,0
FSREE,1
LDESTQE,1
YGPHAA,0
EENEE,1
RNGKE,1
RAERG,0
SYFGI,0
VYVGVKQE,1
LEAGTL,1
TTAPG,1
VPSAG,0
PNTKS,1
FNNYN,1
KPQPAV,1
SLGLV,0
LDSEAKIIQ,1
YNPDKH,1
PQKLV,0
TLHHV,0
DEERVE,1
FLSTLLNVASNVVPTLICKITKKC,0
KGNSAI,0
QADSQVTE,1
GLWDLDE,0
EGLLPAV,0
HDCAD,1
LYEPA,0
HHAKT,0
YVGRFG,1
LGNGL,1
FLPIIAGMAAKVICAITKKC,0
WETCI,0
GKPIM,0
GTKLEAK,1
ETGKD,1
APSYWNDH,0
NDEPSRG,0
KLTFSS,0
FIGAILPAIAGLVHGLINR,0
VNPIILGVLPKFVCLITKKC,0
ENKHWWN,0
DPVTMLQ,1
RSQNKED,1
QVFTK,0
AILAF,0
EVERRKPST,0
VPEVDL,0
MAGNEVF,0
RMEFI,0
YHKARQK,1
KTKRNSD,1
AYEIELKWSP,0
RSSNHA,0
EDVEA,1
DENEKVVLKN,1
SLSCDRN,1
VAGLWIK,1
RAGRP,1
HSQESS,0
VSDKVGQ,1
TFRHANEVV,0
DNDGK,1
HQHED,1
LRWGV,0
GGREDS,1
KDYGD,1
IGRLN,0
SEDGCI,1
LNEPT,1
SRSTYND,1
KELNNK,1
GPSHD,1
SRLAE,1
WWLGID,1
KLSSG,0
EAGIRK,1
KWTKS,0
GAVVP,1
SSNPP,1
SMWSGMWRRKLKKLRNALKKKLKGE,0
PHHLT,0
DEIQGRY,1
PSKKKYPD,1
SQGRL,1
SLFGGS,1
PYHID,0
TDQLKRNLSV,1
KVALN,0
VPPTR,1
IRAVK,0
DIKIFV,0
IDLIS,0
GFNDSSPG,1
FLSTLWNAAKSIF,0
QGEESND,1
IELSAP,0
RIPDAQG,0
IERLHSQLSR,1
PVSRT,1
KDRTTM,0
KIVSKDLT,1
KLRNSHRFL,0
INPAE,1
DYAKS,0
RIHGFEN,0
VEKKQP,0
RLRTE,1
KVNVLTVI,0
SAISCGETCFKFKCYTPRCSCSYPVCK,0
RKGWFKAMKSIAKFIAKEKLKEHL,0
KGGQQ,1
NDAGR,1
ANGEL,1
TRLPRL,1
EFKLF,0
APGKR,1
QANHT,1
KCLKT,1
QSKRAGQVD,0
DQTGSK,1
EKANE,0
KSAEVT,0
RNPNDEK,1
SSGNL,1
AESAG,0
NGKSQ,1
IGEFRSN,1
PDCRP,1
TPEQKKE,1
SGLLTRE,0
HDIKH,0
TGTND,0
RLQSTEAHNA,0
PHARIQA,1
LHSKDSAQ,0
LDVVKLI,0
PGEKK,1
LDLWKDP,0
DSVFEVHEEK,0
SDGHC,1
KAEEIDI,0
RKEETVT,1
LNKGV,1
RKSNIRKS,1
KRIPG,1
SKMES,0
FIRKE,0
ALCPL,0
QGAIHTPLVT,0
RDFKGK,1
TRYIPDE,1
QSEDWA,1
HHEEGASA,1
TCSNN,1
NQQQLD,1
PISDHE,1
FLPILAGLAAKLVPKVFCSITKKC,0
AEGKE,1
QSMAR,1
EESHFGWDH,0
KVPAG,1
NEEKIK,0
LEDFKGYL,1
KLTDE,1
PHGDY,1
VYWMKVND,1
NRGNLS,1
LLSEM,0
DSVSH,0
KEHEHL,0
KKEEKHPEI,1
ISTQR,1
YSSERS,1
RTNRQAG,1
LRLRG,1
LKDESTS,0
RRKGL,1
LARKL,0
NEDGT,1
PRKLVP,1
DSYPEPTQ,1
TRMNINGQ,1
RNETHN,1
TMKTN,1
PETKENEIY,1
DDYREE,1
AKRQDIKS,1
FFSLIPSLVGGLISAFK,0
MARVH,0
LIRSLE,0
GIEDG,0
KESGD,1
RHGNLY,0
GRFKRFRKKFKKLFKKLSPVIPLLHLG,0
DEAVF,1
DEEQN,0
AQLQKGETT,0
NIEEDRKLL,1
LEKGV,1
DGGRE,1
GRIMIH,0
EIDYC,0
LLMISP,0
QENEGENDPV,1
VGAGK,1
FNNWKD,1
KQGDSI,1
INWLKLGKMVIDAL,0
ESPLV,0
IIKKKEDL,1
YAQTE,0
KRDTPT,1
IFQYLLK,0
PAWQG,1
LRLMDLRT,0
KCTET,1
PNAIHI,0
FWRQT,1
KDAST,1
RYVRA,0
KAMRA,0
ESKNLSF,0
YETEK,1
NSLAE,0
TDALLRC,0
EGRMIP,0
GPGEP,1
LGNWS,1
GQTFRGP,1
QPPED,1
PTDSIEAAG,0
VQGNLP,1
NWELV,0
PLGDA,1
QTKDL,0
PVANS,0
QEGET,1
KQSVR,0
CDHRV,0
QHHSKGE,1
EGVIE,0
RSESEE,1
SSRNV,0
ETIAC,0
KMKGKN,1
VPEKAH,1
EEYDM,0
RRPEE,1
MHAQSV,0
EQLAAM,1
ISTQA,0
KMKLLFTDLNS,0
GLPVCGETCVGGTCNTPGCGCSWPVCTRN,0
DSLES,1
GSHRTSGR,1
VQTQET,1
DSIGL,1
PDSAP,1
TYRDA,0
SGAKME,0
LLTEGA,0
AEETRAR,1
GFKMLE,0
LTGKT,1
HNAQPFA,0
QTVIDGR,1
KGWKHAF,0
RFRDVP,0
EHGVAK,0
ESGKH,1
ELVIQV,0
QEQTGG,1
LQANL,1
VQNVGAG,0
DSEDPP,1
GHKGK,0
TPFGSE,0
GDQHA,1
KGILE,1
KDDVNRL,1
SDYTKVTC,1
HPGMRT,1
DLVHYPNF,0
KGRLIE,1
SVGSLL,0
VDRGGF,0
NKGRS,1
DPAKPN,1
AASPD,1
SKKDR,1
KKEGATQRE,1
SQLVT,0
ADRDG,1
KRDLGWKW,1
KEGHS,1
YTLFDN,0
DPNEK,1
EQGENK,1
EMRPIV,0
IQTREV,1
QLDYE,0
KHIDM,0
NLAML,0
KTVDGP,1
PDGHY,1
KPCIL,0
FLPLLAGLAANFLPKIFCKITRKC,0
TSMDGEA,1
EEAFASSQS,1
KAVIKNA,1
GKYVQ,0
SKNTGH,0
HYEQS,0
AGQNLA,1
VLNIAA,0
WCFDHA,0
NEELYAYIK,0
EKSDDK,0
AGLLA,0
TGDEQ,1
AILFE,0
ERRGLPFDGR,1
NVLDEP,0
VHYGIV,0
KTYEH,1
QRFGKQ,1
HSKEH,1
DRQAAA,1
LALYI,0
ANLNSS,0
TSGIP,0
FLPKMSTKLRVPYRRGTKDYH,0
HDPDK,1
LHTHT,0
PQTLK,1
QNKRK,1
YQGILK,0
REAVSYKN,1
KIYVFEVMF,0
DPVQP,1
IKIPSFFRNILKKVGKEAVSLIAGALKQS,0
PAKMTQH,1
NQNQN,1
ANIRA,1
RDPQK,1
KFIHE,0
PTHGA,0
RMYQKGQE,1
RPSEK,1
KQPED,1
SNHRC,1
LFCPHSAGI,0
LQTQK,1
ENTEE,1
RHLRA,1
YGGLE,0
QIYEHIDRFLL,0
PPSGTE,1
GPVPF,0
MPNQSID,1
GTVKE,0
ATQPATAE,1
TEDENQYS,1
HEAIPD,1
GIHRL,0
CVEPIAEFPLG,0
EISTS,1
QAHCEF,1
AHAARK,0
NQNTTEPVAAT,1
RGSDD,1
ERAQFAII,0
SAFRPA,1
DYHLNT,0
PDMDLA,1
KYENGK,1
MDLPMPM,1
KGVGK,1
AKGQTQE,1
SAAWP,0
SRSEL,1
RTAFQGLI,0
FFGAIAAALPHVISAIKNAL,0
GEIAP,1
YRLAEQHRQ,1
GDKSQASR,1
TDRRY,1
VMGEV,0
ARVGWR,0
FQTREQ,0
RAAFEDE,0
EVHNNIW,0
DLPNKK,1
TDLYDE,0
SQLHLFE,0
TINPEASAS,1
RTLTK,0
EERRI,0
HDLDSN,1
QLAVVLV,0
FFSAV,0
KEQSAVV,1
LVEPDAGA,1
EKNPN,1
IDHAKL,0
TVGEVK,0
GAGGM,0
KIFAKS,0
GRPVFP,1
CISKVR,0
SESQYT,1
DKNHA,1
ADLDLH,0
NKRCLF,0
TSLQQE,1
ATKML,1
VPNRTQ,0
LEASL,0
GWLPTFGKILRKAMQLGPKLIQPI,0
GKIHLT,0
YTQIP,0
DPTVPDSDI,1
NCSCV,0
LHYPR,0
FLPLVLGALSGILPKIL,0
KVGRE,1
WENTGD,1
EVISG,0
ADAEA,0
SQTSP,1
GREKK,0
FRVQEF,0
GLVTGLLKTAGKLLGDLFGSLTG,0
AYFNNCF,0
TELRLI,0
EVASS,1
IEDDRP,0
VDKLTL,1
RTEAVVP,0
FLPAALAGIGGILGKLF,0
LTSRP,0
NGLSD,0
KEDSEIRCLSQ,1
KDSSGR,1
QGAIG,0
DPGQQ,1
LSNPLMGDAV,1
PTYPKYL,1
AINKEP,1
RNAHSI,1
VIPFVASVAAEMQHVYCAASRKC,0
QEQYAE,1
NGKVTNEGTT,1
VKVNSA,0
KGDNR,1
RGSRG,1
ERQAR,1
GPAFPG,1
NREGV,1
EDAKWR,1
RGITP,0
KPKQKF,0
TPSYG,1
ILYKRI,0
TDVGDP,0
ILEYITS,0
LEEYKD,0
KPEGK,0
MGSRL,0
ESTIY,0
KDDSKTP,1
RGAGR,0
KESRH,1
QLLHHSAN,1
KGTTQP,1
AGRDETR,0
LEMRI,0
FLGVE,1
KMPRD,1
IHSKG,0
TKAKE,0
QTFGQ,0
QRKASGES,0
RSGRGK,1
RVGDT,1
GPISP,0
SNKYFSNIHW,1
EMPMKA,0
CIKNVS,0
KSHGQD,1
DGITDMA,0
GAEFLG,0
MEFKRVPS,0
DDAWE,0
DKEQS,1
TRPDYT,1
LNFQA,1
NLTVIIP,0
QAILA,0
EDNAKP,0
IDYFT,0
FVGET,1
LTKAR,1
QQTEAVL,1
FAKLQW,0
TTGFI,1
FLPLLAGLAANFFPKIFCKITRKC,0
RYTDLQI,0
SKEPSAR,1
EHDEE,1
MGSSIV,0
GQKLKD,1
VLKDS,0
GMDLG,0
GLTNPT,0
MNRNGKE,1
RYDEH,1
AFRGY,0
YEELE,0
TNQIQAAFRE,1
ESSVY,0
GSPDPEI,1
VLNHTR,0
KRGAT,1
KLRNDH,0
LQHRE,1
IGTGLC,0
KMRKV,1
DADEIKR,1
HWWHLP,1
SEDLCL,0
YEEAV,0
GDYSHA,0
GLVGSEA,0
FGKQYKQ,1
KKDPLQ,1
YKDILSQS,1
LLISSL,0
DKKGTN,1
WLGSALKIGAKLLPSVVGLFKKKKQ,0
KKRLF,1
LQGKM,0
PEWPG,1
LQSGTL,1
VGEPEL,1
MSLSVIDLLKQRVQSAGKKPVIIFPEG,0
LSGEH,1
AGAKT,0
RFGRFLRKIRRFRPKVTITIQGSARFG,0
ELEKPK,1
TCRDFIL,1
VERFD,0
PYNKA,1
MLRLL,0
SIKMKPLMG,1
PGAGGT,1
RSARP,1
RDSKKE,1
VCVIMV,0
LHRPEE,1
REPGSG,1
AQPHRD,1
HVIGED,1
SFAKL,0
PTQPD,1
KMEDD,1
NARLK,0
RDGAE,1
SPELP,0
TGQDTEAE,1
QYNGRQFSSPE,1
MRKKI,1
EFLQRQ,0
WTRAPD,0
RYVGK,0
QSMPAR,1
FLPGLIKAAVGVGSTILCKITKKC,0
YIARP,1
YGEPR,0
SPSGRSG,0
HHHHHE,1
KPPLR,0
KDEAT,1
AVTRKI,0
VSKHG,0
LNLVE,0
RKQQN,1
GAMDPRT,1
RDLPG,1
TYFPHN,1
RRSRKLKE,1
QKDAP,1
INIFVDTFEA,0
NDARE,0
AEVESQVS,0
PGHAR,0
SRHDLNCI,0
TADED,1
KTNVALD,0
KGGGL,0
HRDRLW,0
RATGQV,1
EHCLVHINK,0
MALNY,0
ARREHE,0
ARSDP,1
TEQYK,0
GLGDS,1
ISGER,1
DPENS,0
QLYPEE,1
GPRHA,0
LSHDPEQ,1
GMLEQ,0
ILFAEVSV,0
ELDIE,0
QIRGDP,0
GLPICGETCVGGTCNTPGCSCSWPVCTRN,0
CEDYK,0
VPSQGGSSMVF,0
PAPHSYIN,1
HEGKAWIRQ,0
AADTH,1
VHSDNR,0
DAGGDA,0
RGMQE,1
LRGEV,1
LAKNS,0
GPYLL,0
DQDKAAPEM,1
RLFGEK,1
YGAVEAK,0
AENTGE,1
MHPAV,0
GNTDPYN,0
SKRTDVTGS,1
IEAKLIT,0
QVQLLAEM,1
GKEGDKF,1
SLEGNK,1
IIDFV,0
RGNIM,1
EGHAP,0
IGYQR,0
ANPQY,0
RRNPA,1
GRENEC,0
LDEANG,1
FPGYEVP,0
KRTTVV,0
GVTMKD,0
ADNQKVD,1
AKQLQE,1
NNSGN,1
RAEGQ,1
SRANE,0
IKATAM,0
VLKKGDT,0
TPVSAVN,0
IGHAVSM,0
RIMTK,1
KKRGD,1
KPKPGDG,1
VTISV,0
APLGLV,0
QFMEH,0
SQAMLANGE,0
RVPKGLKS,1
HANLPT,0
GWRSP,0
SNTSH,1
TEVEL,1
TDPHGFNA,0
ILYYDR,1
KKHGV,1
LEDADRKSLET,1
LSYKQW,0
YPPPNEEP,0
HEVCNM,0
DLVEYPD,1
EGDRT,0
QITKLG,1
PAYSG,1
EPSHDG,1
ALYAV,1
HDRNEPFV,1
QLGGT,1
KHCCQ,0
INNSV,1
NNEKV,1
INLGL,1
FNTGT,1
SVEGK,1
EIRQAGRPNK,1
KSEAH,1
DLLRS,0
LLYPL,0
ERRDQ,1
YSNKE,0
DSARR,0
DYRLK,0
KPTDD,1
EDIPGR,1
KVRNQH,1
NQKTIMLE,0
QRTLHY,1
FLSGIVGMLGKLF,0
ASNPDL,1
LKLDYSD,1
NPGQK,1
NYPTW,1
VDSQRFEVS,0
IIPFS,0
TRDKMK,1
CCMGYEV,0
KCLDN,1
KSWADE,0
VQGGT,1
ETNQQ,1
CYGGL,1
APSVEL,0
EMKILE,0
IYNVLP,0
ANETME,1
ALEEQR,1
TTKGEN,1
GFSPPVKLPA,0
CKSLS,0
SMMYFHKM,0
RAKSEN,0
ARVLT,0
RQDGSR,1
FLPLLASLFSRLF,0
LEKKE,1
GDPEFL,0
ALQTI,0
TPDGEA,0
RGESE,1
ITEPH,1
AYRMEL,0
VSEMV,1
IHSFQGNRH,0
RAEDA,1
SAHDIEF,0
FAKSQ,0
SNAPS,1
ARDGN,1
DMVMAI,0
RKGLFA,1
LEQSGE,1
GASDT,1
SSAKRKQ,1
IPCGESCVWIPCITAIAGCSCKNKVCYT,0
QIEVGPG,1
QSEAD,1
LSKIR,0
IALIL,0
VDGTD,1
IVHYI,0
LLDVN,0
SGSGK,1
YGAAI,0
VWDTAYKPVD,0
KLPED,0
AATYE,0
GRLTDRL,0
VHGGSQE,0
FFPPTEYD,0
KKEREE,1
SAASSDN,1
WPFQK,1
PLGYQ,1
SRAKQT,1
QISFSD,1
YAKDMLEHRA,0
FFQSANM,0
ASLRE,0
DDVHGFV,1
IEENTNHDVG,0
KFLPGKRKQ,1
DRQKT,1
PDYTSFNT,1
TRYEA,1
EKGGS,1
KKDSD,0
TWAHR,0
FNLLE,0
KSYNVLGP,0
DSEYAVQA,0
YIPLEIK,0
LVEQAS,0
GEAGIE,0
VAATPT,1
TDGAYSAL,0
KKKKR,1
ALKLEMAPR,0
VTMGMRDL,0
KKIQTM,0
RPKKD,1
RDLGWQDW,1
RIQEW,0
GREIQ,1
AQTDH,1
PDHQNS,0
IQFIA,0
LTGNR,1
ISEDS,0
KEGQT,1
KKNVTR,0
QEPRQ,1
GTYATVI,0
PRDGNRQ,1
SNPEVRY,1
EPDSEV,1
TEVLED,1
GDTPSES,0
SEMHG,1
FMSEIE,0
LVFLP,0
GKDLG,0
QYHKN,0
IGEWQ,0
STGQET,1
EDMIP,1
EALPPLFA,0
EEVQA,1
DSSNV,1
YSIGE,1
EHYDCSF,0
KNPDGTM,1
EVGRR,1
ELDSN,1
THSPPT,1
ESELD,1
LEEKIRHI,0
GAAMT,0
EKPPRS,1
SPSHVK,0
PNYLH,1
KHNSR,1
EQRESP,0
LGTTF,0
AEVREPIDLMT,0
AENPK,1
NRHSV,0
EFFEG,1
VLAAMT,0
FRRTA,0
FREDCPPDREE,1
TQDAFKLT,0
MPEKRE,0
CNLEL,0
EQDQFHARVS,0
GAFGNLLKGVAKKAGLKILSIAQCKLSGTC,0
HPGQK,1
CGKVE,0
CAYDKT,1
IPVGDV,0
RRVLVA,1
RPQIA,1
VVGAD,0
NYMQQ,0
DKEIEPQP,0
EAGTEIS,1
LKGVKLT,0
ACFRD,1
ETGGYM,1
HLPFLKKC,0
DGYGG,1
TTIINL,0
IGEHY,1
RKYTY,1
SMTIME,1
GYFLQ,0
YSPCMFSYWI,0
KGLGA,0
KFNYRK,0
EQNGLSAKLP,0
THMTETT,0
LSLNLLELKL,0
INQSEV,0
IYFLR,0
TQEST,1
LDALTPA,0
TNRLP,0
PNHRV,1
AKEGK,1
YHKKKKA,1
HFTRA,0
FLPVIAGVAANFLPKLFCAISKKC,0
KTLAYN,0
GERSG,1
ERPGH,1
PTEPNSSS,1
IAAKKLI,0
EWKGK,1
FVPGI,0
DPKTKS,1
QGRGL,0
IYSGN,0
QLTEE,1
INSEEL,1
AAALH,0
DMDSNK,0
EKNPTD,0
KLTHN,1
LEPKNK,1
LPTGDSPLGPM,1
PDDPEH,1
NWSTK,1
LSRGPKS,1
TLNPEVF,0
GFTFA,0
KFSGLAIVL,0
SDPQPEDTESA,1
TILKR,1
PAKPL,0
PEPCPDS,1
EHVQY,1
MNEARE,0
DLSHG,1
GDIKS,0
PDETP,1
PPKIV,1
QGKVN,0
NKSLGL,0
LVDGVT,0
VNFPS,1
KIEEG,1
TILCD,0
CDGTG,0
DSFTE,1
LQLNK,0
VNGREYQGQ,0
LFAAD,0
SKMKQSNNE,1
TVKHEFRQ,0
DWHKL,0
QNRTI,1
AAKLR,0
SESSK,0
EINAK,0
EIAKN,0
VLTSY,0
KNSKQAER,1
FYQTHL,0
KDNPV,0
RKYGSND,1
ANKAD,1
KYEKT,1
RSEVP,0
TNGQVTR,1
GNHSLI,1
EYIAI,0
VSHEE,0
VCYLT,0
DEFRSVN,0
KGEGP,0
RWRGT,1
GITGTL,0
EANDP,1
FHHFKYD,0
LQYLV,0
DALLN,1
VFDGSLIV,0
EPRVEIKNAYV,0
EMSTK,0
RQPDLVKD,0
IALAPRF,0
TIDTKRIVK,1
EHKPPV,1
TGDAAT,1
YYYLS,0
KSGTR,1
AASAGV,1
HMSFSH,1
RTNST,1
CAVTR,0
STPPA,1
VKAVL,0
KPDADE,1
DVTAWTK,1
SFVGL,1
CIALAD,0
NKLVS,1
LGTGRNQQ,0
GGVSVRLL,0
REDQTLKP,1
NGSYT,1
TDLDHLK,1
LLTQP,0
ISVAVG,1
QQNSM,0
GEGLK,0
GRAVR,0
KGASRAYLM,0
ISIEIQL,0
ISILD,0
RHLKNH,0
DRISFI,0
QPAKDPTK,0
IKITTMLAKLGKVLAHV,0
KEKGKM,1
TGDSYIP,0
KNSQKI,1
QILKKL,0
GRHRF,0
GLFGKILGVGKKVLCGLSGMC,0
RDLRKG,1
SVTSAK,1
LGEDQ,0
KVRYV,0
TDPKQI,1
TERAT,0
AGQDV,0
SQEGD,1
KGGEATR,1
ETLGD,1
NKQDCP,1
SSPFDK,1
GQDGQ,1
ADNQKVDQ,1
TECLQLGFE,0
EEKKLS,1
TRKEG,1
LWYIC,0
VPKEE,0
EPAMEPET,1
AQESLES,1
ANRSGR,1
TEGQRGLV,0
QGGSVS,1
AKFKER,1
FKLKTAI,0
EWVQK,0
SDKDRKD,1
QQVESR,1
RQSLASKI,0
QDPSL,1
PNEGCLHK,1
RGCQDFG,1
EGGPQ,0
PVSTDGKH,1
PSQPY,1
NETSF,1
QKQGKP,1
ELEKEPLRV,1
THIMQYQ,0
FVRLPVVNE,0
KVARD,0
NSAAGN,0
YVGGQE,1
FTEIS,0
AGIST,0
KPEPE,1
TYETN,0
AFYVD,0
KITGYAK,0
QIELLDF,0
PPTGSL,1
TGEKA,1
RDAAERE,1
KGPTDGGQS,1
KKGGS,1
IESILASVY,0
PDGNQ,1
IPTNGS,1
RAITGIQA,1
YRDDEK,1
QVGEV,1
RQLQK,1
MGPSEN,1
EGGES,1
VIPFVASVAAEMMQHVYCAASKKC,0
ESCSQE,1
VKEEL,0
RPGQIA,0
TEFKS,1
GNRSP,1
GKSRS,1
LDESGN,1
DDAINN,1
QTYLG,1
QNLVS,1
NILLL,0
LFRPP,1
KKKQS,1
TTLPK,0
PSSGQ,1
LLIQST,0
EFDDYHLE,0
FDGSTLE,1
SREQIGE,0
MKENE,1
DGYPWRLTN,0
RARKL,1
AQYVAE,0
KDKDT,1
KPDTE,1
VPLIG,1
LDGKP,1
FLPIIAGVAAKVLPKLFCAITKKC,0
PVKVL,1
LGVTS,0
PLESS,0
NDYGGHG,0
VSGKR,1
KALGIS,1
KSTLKD,1
MAYDK,0
NLVTA,1
QHKEK,1
DDEGLL,1
FYPDRPHQK,1
RMAPA,0
FEQAT,0
EEPELV,1
SSRDD,1
LKLSPKTKDTLKKVLKGAIKGAIAIASMA,0
KAASSG,0
QGPNVNL,1
TQPPPAP,1
CSHRSK,0
NMTYR,0
DPINE,0
CDDYY,1
EGEEGQDAG,1
KYFSN,1
IKDSKI,0
LQLENG,0
INEVY,0
KLFIYGYCS,0
KAGCTDHK,0
IGTQQA,1
KRKHK,1
GSSPAY,1
KPFSF,0
PSITKS,1
EDDET,1
SIDEK,1
MDYYE,1
VLLLPI,0
EVLRS,0
VEKYAL,1
NTNPS,1
GMATKAGTAFGKAAKAIIGAAL,0
LGATLT,0
HHSHMSGEKT,1
EFCVEVY,0
KEGNK,1
HCKEGDQ,1
QFIEEL,0
REGMF,1
SPPAH,0
TSWRSE,1
CSRDFTP,1
HRNGS,1
QRNDD,1
IVPGG,1
AGEGIPIFEDF,1
AYLQKP,0
SEMEG,0
MKNEFS,0
ELNGPKW,0
LQLQVG,0
PTQLN,1
SNRRS,1
YLKKSKRKEFQ,1
FLPILAGLAAKIVPKLFCLATKKC,0
KDDSAP,1
YEKQN,0
VIPLT,0
NSICE,0
LISSAGE,1
YFQSM,1
ALSMVG,0
LVFNEPHMR,0
SVASRTF,0
KLQAH,0
RKNGKL,1
ADFPD,1
HDDME,1
FDGSG,1
FILSKG,0
DDQGETTL,1
IKQFCRRL,0
QAAGKSPED,1
PLGTF,0
MSGEA,1
NAQFI,0
LAQVC,0
GFFGKMKEYFKKFGASFKRRFANLKKRL,0
AAEYQ,0
IGLDQ,0
VSIEKAIVR,1
LRSKGQE,1
QREVK,1
QIQLV,0
IMQCPM,0
VSDNLP,1
KHYKSPSE,1
HHLHP,1
KSRDG,0
KNLSRI,1
DIGCD,0
SDTLLN,0
RPQIAG,1
SQLFS,1
MSTEEGR,1
ASTAK,0
MLFTD,0
ALESE,0
DHFEQGY,0
KVVGK,1
TGREGRT,1
VMDLSC,0
GAMLHD,1
QMKAKRGWI,1
TSEQKAK,1
EITDEDN,1
VIEAPV,0
GPQEKKV,1
SIDET,1
DLMDE,1
VNGYVA,0
SQLMGE,1
DGKIPV,1
QADPPQAE,1
RFGRN,1
HPYGK,1
MYHASK,1
GDDDADQ,0
LQREPI,0
ISLKLY,0
PEETD,1
VQLIIYL,0
RREED,0
ETAKVC,1
AKIIP,0
IANET,1
TKKPGMFFN,1
DLAART,1
GNKVC,1
NAIILV,0
GPGHV,1
TSNNI,1
PSVRKPNRY,0
LIKAD,0
LTLTPRPN,0
GLVLS,0
LDTIE,1
ASSYVST,0
LSESVLP,1
ALKSRE,0
TSNYCR,0
PHKIV,0
GVKTW,0
NRSYA,0
FLPILAGLAANILPKVFCSITKKC,0
FRVGE,0
SQSPKD,1
SGGGL,1
LLTIIPPS,0
GSGSR,1
RIEAH,0
IDGDG,1
VMTSR,0
LSYRI,1
VSNKE,0
AVMLDRK,0
MRETEW,0
LPQNQ,1
TTIES,0
LDRMQFGV,1
GIAPL,0
VGELW,1
VETSV,1
RGQLVA,0
PGYPLKE,1
PPRLQ,1
PWAKPE,1
MKSGN,1
PLSAS,0
PKNRA,0
GVVTDLLKTAGKLLGNLFGSLSG,0
GIISR,0
LPNHTMS,0
EDANNSLET,0
DKDGK,1
KKPKRDDSK,1
IGEHS,1
IKLHM,0
ASGGE,1
SREHP,1
KARVA,0
DRPRF,0
EDEFY,0
AEGEV,1
VFDNV,0
FGKPCP,0
TLRRQKL,1
VKAKVQP,1
FSGQN,1
SAVVA,0
MKNYIDIK,0
ESGKP,1
LSPWVCV,0
DEPPQSPWD,1
QGQDT,1
RTNLL,0
NEDFE,1
DEKCEC,0
AYEVD,0
FSEFK,0
DKSKK,1
KDHQYQF,1
LGADHV,1
RNEPK,1
NYVKQ,1
SITSD,0
LQNQIFTYEQD,0
QPVLS,0
ASTPA,1
LHPLEPL,1
SMSDVAIV,1
PAQAT,1
ERIAD,0
KYFSNIHW,1
SEGRG,1
TIHKA,0
YKGVS,0
KMDAQ,0
LWVSDLISG,0
KPGDDPNKI,1
YSESG,0
WGGHSK,0
HVAVKL,0
PYLSRGS,0
LDEFH,0
KLYAIIG,0
PDNHSS,1
GAFFEI,0
PRGTE,0
SEINK,0
GSQED,1
KRKMVDT,0
VELLL,0
PIKQCDCSR,0
ANNKGS,0
ANDVINHP,0
IEMATDK,0
KKGCGYY,1
PYVTKDL,1
ALHKADLVN,0
AEDGSVIDYE,1
EPGTS,1
KPGDK,1
HGKRNVTD,0
TVYWI,0
AFLAKTN,0
NVDLVL,0
KNEKV,1
LNLQRWALGI,0
GVVDILKGAGKDLLAHLVGKISEKV,0
LVSVS,0
LCETN,1
PLASS,1
ILERL,0
KNCSVL,1
RYKQG,0
FFDDV,0
NNPLMRN,0
KKDSAHS,0
HTHLL,0
LMISRT,1
IRDGETP,1
MDVFRKQEL,0
DGRTF,1
KGYVY,0
THRCKVA,0
YDSNGGL,0
CLVDE,1
PSGGEEQ,1
CSCSPV,1
MEDLQ,0
MLAKNV,0
PTKIGGKM,0
SRDIL,1
FPKGS,1
NHTET,1
RVKTV,1
FLQKRKPV,1
KSKDYE,1
DKLPYK,1
PSKQQ,1
LGASRQ,1
KCSKI,1
RCHHHHHH,1
TQSLQ,1
CDLVLA,0
QDQKE,1
HSLQR,1
PLFPV,0
RSGNKE,1
KNDEN,1
IAANH,0
TPTCLEEGS,0
TSALDTSN,1
ELSIGEP,0
AQVLPIVV,0
PEVQKP,1
FLPMLAGLAANFLPKIICKITKKC,0
HGFPTH,0
IAEQN,0
QGEQLE,1
LTQQE,0
SSKPFDKLEGI,0
PTTGAK,1
TSRTVR,1
GDHGKLR,0
VVSST,1
TFVHL,0
CDSGEL,1
TMGRP,1
EQSSRSAH,1
TKEEH,1
IPMVKF,0
MQMSL,1
RNDCG,0
ESDHP,1
MGPIIT,1
GECPVTTA,0
EGDIA,1
HGHKFFI,1
KNEED,1
SLTPKANRR,1
GQDEPL,1
GSMFVAR,0
EKNGGM,1
KLDLL,0
PVGDDL,1
AGLQR,0
APNAT,1
PYESF,0
SDIDQQAG,0
LAFARNT,0
PETASR,1
DEMIH,0
QVGGEK,1
LGGGSDAIRN,0
AKMKQE,1
GSKIQ,0
AAKKLT,0
IGESN,0
TDSGL,0
IMRDGYET,0
ANTKH,0
NNLKLV,0
LVTRRNT,0
ILKVF,0
GTERQP,1
KSDKEK,1
GLLGPLLKIAAKVGSNLL,0
DMTWFG,0
SDENY,1
PLNDAVW,0
VPGGFML,0
VGSCA,0
IPTSA,1
TYREAS,0
TNMPVG,0
IYKAA,1
AKAFK,0
GLFGKSSVVGRKYYVDLAGCAKA,0
AQVKVVL,0
SNNFR,1
QLLPE,0
TADGTA,1
SIGSALKKALPVAKKIGKIALPIAKAALP,0
ELLQA,1
LVSTL,0
KKVGAE,1
SRKEETV,1
LTTQET,1
TNTEK,1
EEKSI,1
RSWQK,0
NDKNP,1
ALWMTLLKKVLKAAAKAALNAVLVGANA,0
YLRLH,0
QKSERE,1
REGQD,1
PWGAG,0
EVAIL,1
CVGDR,1
KNYRK,1
IKRGF,0
EGEEALG,0
QNVER,1
DEDQVG,0
CQNRVE,1
EVVRFRPQIR,0
CRDEENSS,0
HSDGRQI,0
QHGEI,0
FKRAAPM,0
GDDDI,0
KSHVG,0
FRNLAE,1
MATTK,1
AEPYQ,0
LNPSDT,1
EHFSGR,1
GLLSGVLGVGKKVDCGLSGLC,0
LDGYF,0
DNLET,0
EKAAE,1
EHSAA,1
NSQGE,1
NIDSPL,1
EGCQVE,0
ILGPVLGLVGNALGGLIKKL,0
KPAKMRG,1
THPNT,0
PDPNEIL,0
RKIET,0
NDGKKIH,1
QQARHPLIL,1
KEKKLA,1
ELLTH,1
NETEE,1
VLKGNK,1
DQDISVK,0
KLTKTH,1
NPNKTNRP,1
VKTEC,0
EYETW,1
EVIFRSGLMRV,0
GTEGP,0
SLMPFP,0
AGYESQD,0
EISPPPTANLD,1
NPNEHKG,1
LFTVR,0
QSRSMPS,0
WSDME,0
GADPK,0
SPLPW,1
FISGLIGGLMKAL,0
MEKADS,1
GYSSQ,0
REVDSIGLEEA,1
KENGLN,1
SATDLCH,0
IIQPKI,0
RIKGEA,0
PSNLA,0
SCLKE,1
KDNTEH,0
SPLGF,0
LKGKK,1
HPLET,0
GEGYS,0
SRRLS,1
DSPGDG,0
QMDAR,1
NEYDSEA,0
SITQWIVD,1
FLHVAPRF,0
KKQGY,1
GEGQER,1
DPLYSIKE,1
TLVSAAP,1
PQITRK,0
IDDSDA,0
DTSCEA,0
SFKYA,0
SGSGKP,1
REPKP,1
VMIKD,0
HLSFG,0
EKNYI,0
AMDPEF,1
REAVS,1
EPGSGPF,1
NETKT,1
ESKGP,1
SAGGS,1
VSDGN,0
VGMYDKKP,1
KQTMGQ,0
KSPSL,1
TIEYDY,0
IPGNL,0
LEIPR,0
NLRTGSG,0
PWSTN,0
WELKKP,1
VDSEL,0
QVVRW,0
ERLASL,0
LDDRP,0
QTSGA,0
NSDHG,0
GIGTKFLGGVKTALKGALKELASTYVN,0
VEMNRLP,1
AESGF,1
YARSSIYLN,0
DVEFQ,0
EKSCDG,1
DGTVRD,0
RTAEK,1
MEKYLR,0
LDVQRYP,1
LPGDS,1
AKRHVGA,0
NSALQG,0
WCGGV,0
FLRKE,0
VLDIV,0
KAQNT,1
GGLRE,0
GVEHFL,0
TVVARND,0
DSPCI,0
KHPAHVHRFN,0
NSDEE,1
MITYIKRGKLG,0
ERGGDI,1
RTNLC,1
AFIHDGA,0
VRGVY,0
KKNGE,1
KTRICKKV,1
TGASVLGP,1
KCFDNSK,0
ALKANLQ,0
ETLIV,0
IKAAH,0
LVEGIF,0
AGVNT,1
KTKPREEQYNS,1
VEVVP,1
GRSPA,1
VLTHY,0
DHAVLH,0
SLEYGK,1
RGLRRLGRKIAHGVKKYGPTVLRIIRIAG,0
KAGYRL,1
KLSQQ,0
VTEQMAG,0
GTENLY,1
TFSFRTG,1
DLNFQ,1
FYPDS,0
SSGIN,1
NERNV,0
ERFECNSH,0
FQNSPAED,1
LNWGAILKHIIK,0
YQSPY,1
YSNRMSRAS,0
DEVVPGKE,1
GHINAGF,0
PIHSP,0
DLPPK,0
ARHPG,1
RQRPAS,1
KGTSKED,1
KTSLRKGD,1
AEEPI,0
ADTES,0
KEEGIE,1
DEGRKD,0
GRDQNT,1
RPGAE,1
YQEGT,0
KTEKR,1
ENDKS,1
EHGKD,1
AEPPLKTL,0
QEEEVG,0
NEFVQK,1
GDARQDSL,1
DELVT,0
FIHHIIGGLFSVGKHIHSLIHGH,0
ERELS,1
ALDRLD,1
SNQKL,0
CYYQSLREE,0
LVRAS,0
QGLDG,1
IAPKA,0
YTVYHEE,0
TELEK,1
LARSIM,0
LFVKQREVFL,0
PEKPYK,1
GRTPTSD,1
TFIALL,0
QFLSLRS,0
VLLMG,0
HAQIH,0
GVAARA,0
AIPCGESCVWIPCISTVIGCSCSNKVCYR,0
SGIQV,0
DQDGK,1
QRVTD,1
EDEGVSQ,1
FPVTDAI,1
SMAAP,1
SNSEKD,1
RPATGY,1
NASDG,1
KLRARR,0
NTGTSDIVT,0
STLEGYYVDD,1
ICGRLTGE,0
HLKGF,0
LLWCRKV,0
ARMAPEEIIM,1
IHNEG,0
EVTLSL,0
DLSHGSAQ,1
NQHLR,1
GSASP,1
QAEKDRRLKK,1
QAQCIIA,0
DGLDSGK,1
PLTGA,1
AQEGE,0
EPPDS,1
ESPKR,1
SPLVIKE,0
LCQAKY,0
YKASTTS,0
SIRYL,1
VILVD,0
FIHHIFRGIVHAGRSIGRFLTG,0
MADEA,1
LGEGK,0
RKSGED,0
VEQFL,0
RDQIEK,0
DNTEND,1
PEGVPQHQ,1
VDTQRN,0
EGASC,0
TSGPRAA,1
MGDEMDAM,1
KGQLG,0
VRMKEP,0
PTGEP,1
DAEKR,1
RPGYRG,0
VKYCHNR,0
ANFLN,1
VGPGKK,1
IKASKL,0
SRETIE,0
GTRNDND,0
FRSCDLRR,1
DSSLE,0
SDFLLGN,1
DDSHAG,0
NRITD,1
HTKGPEAG,0
SNGKK,1
EPGEP,1
SAKGEE,1
TTSMSNEV,1
VNVGKI,0
LAGLA,0
ELALWL,0
KNPQKN,1
ENFHP,1
HEKGI,0
SCSGSA,1
DSQSP,1
IKNKIQ,1
GDSVKL,0
QKWQP,0
DCKKQ,0
EFRNG,1
HKEGK,1
KTKKP,1
SDCRRW,0
PEDLE,1
HKCDI,1
KKPIK,1
AHGLI,0
AKKRIR,0
EEPQS,1
EDHSVAD,1
SLSSEALMRRA,1
ALWKNMLKGIGKLAGQAALGAVKTLVGAES,0
TAKGV,1
LEDQHGTTCV,0
QTDDK,1
RPHGLGL,1
DTYIPTIEDT,1
YHEHSQR,0
QPPKEPHM,1
FDGLT,0
TMYEVEG,0
QEEAD,1
SHAEVD,0
STRKA,1
NYPRI,0
TLDGG,1
GFMDTAKNVAKNVAVTLIDNLKCKITKAC,0
TCLDT,1
EEEDEDEEDGE,1
DNTSLDD,1
SMKRVQP,1
VPTIM,0
ANAYK,0
LASQET,0
DLTGL,1
EKGFMSSK,1
LGECP,0
HDAIHR,0
KSVMVR,0
YGDLAARL,1
NVTPL,1
QEIKP,0
TRIPN,0
GLKNQKTCHKL,0
DSILKK,0
FVKRA,1
FSDPL,1
MRHFF,0
KWIKL,0
AYKQF,1
APSAW,0
QGDSES,1
EMEHSKND,0
VRDFRWTY,0
FEGNLT,1
SQPKI,1
GIPCGESCVFIPCLTSAIDCSCKSKVCYRN,0
VDLPLMCWN,0
LGNFHFTLLR,0
ERYLA,0
EERERP,1
LREKGD,1
KENCLA,0
LTQRG,1
DNRAYDG,0
TIVFV,0
WQPLNV,1
AQLDLA,0
SDRDRN,1
SYKGKR,1
EGVLCIR,0
NHSPLQ,0
VIKRQHRAM,1
DKNIE,0
PEDPS,1
KDEII,0
HETQTTCW,1
QKNHP,1
LLLGY,0
HAKECGGV,1
KVSGVR,0
RYRWKG,0
LTKKV,0
LAARR,0
EDGIT,1
IFGAIAGLLKNIF,0
DDSFTPQ,1
TGSDK,1
SHMWFI,0
VCYNEPK,1
TQARII,0
DKSSEE,1
GSLID,1
FEKGE,1
EDDESL,0
LDIEILL,0
TGEKE,1
DTGKT,1
EEVYVKHMGN,1
LKHQQLL,0
FWGALIKGAAKLIPSVVGLFKKKQ,0
ARTLLA,0
AEDEGVSQ,1
KDWLE,0
LVQMYADLMST,0
AVKTVK,0
PLASSR,1
EEPQGDE,1
ARLGH,0
QELVG,0
ANCRGY,1
LDRIVDG,0
QEKKV,1
IEEIG,0
MSGAP,1
SGRQT,1
KYETR,0
DRPFAPD,0
YADEGN,0
ILGPVIKTIGGVIGGLLKNL,0
VKLNQR,1
NHNRLAL,0
EEAFASS,1
HDAYQA,0
LPGTS,1
RPGLA,1
KDHNS,1
EGSRTQEE,1
TTRSV,0
FMGTALKIAANVLPAAFCKIFKKC,0
INAFLGLNN,0
DRGKF,0
ESRKLE,1
NRMVLGRTHI,1
EAEEESSGGE,1
ESAKG,1
KGQGW,0
MATRSL,0
IIGPVLGMVGSALGGLLKKI,0
KNEIQS,1
FLSTLLKVAFKVVPTLFCPITKKC,0
PEGGR,1
QEAQQS,1
TKETGE,1
DETQRE,1
NAKTV,0
DCPPD,1
ENSEFR,1
GLRPPHI,0
AEICLK,0
IKVHIKI,0
KKSHEE,1
SPPGK,1
LRARE,0
QISVAVG,1
QQDDEEEVDS,0
LVQDH,0
EQKER,1
SVGSE,0
VMADR,1
KQGED,1
TPIGVQAEAL,1
TIINR,1
TVQAG,0
PNLLPA,1
PSSPGDS,1
VCYDER,0
RQGRA,1
PLVLL,0
PDGTYIVM,1
RSLLLPF,1
ALAAFGKHD,0
AFEREQGDR,0
RRCYR,1
EFLEE,0
GLYRA,0
ENEKVVLKN,1
DEYIY,0
TRIQD,0
ELEHIV,0
GYSAS,0
PDLELPS,1
QLMAIS,0
HGPTD,1
RLDIA,0
VEDNIL,0
YRATG,0
EKLSPLGE,1
ENQKQG,0
EGDQGQ,1
IDAIPD,1
KRKFNKQ,1
VALIRS,0
AEMEG,0
LVRRYR,0
GLLDFVTGVGKDIFAQLIKQI,0
ARGPQI,1
SEVGDRT,1
GDDPS,1
YPPPY,1
GTLKEI,0
QEDPN,1
DKVEGH,1
HRNSQH,1
IGQKFM,1
QAKAE,1
AEVDG,0
VKLGHPD,1
TRTRS,0
ERKMINDKM,1
VGDVT,1
LPCGIDK,1
SVGTIT,0
GGPGPK,1
AAAAKPN,1
ISGEK,1
GKRRIV,0
PMGTV,1
SNLPES,1
EQKDE,1
STVDG,1
NIGDVA,0
AAAAKPN,1
NLHVNF,0
INWLKLGKAIIDAL,0
SGLVPRGSPHL,1
NLKLVP,1
PAHNH,0
EQDEP,0
FQSMP,1
TAKAF,0
DGATGC,0
DYGSKENLYFQ,1
ENAIK,0
KDKNI,1
KFRTRLG,0
EMKSKM,1
DVDRFT,0
GIAAYK,0
PVKMK,0
QPKKG,0
GPMPK,1
EAQKQ,1
KNRGF,1
KDLRH,1
IHKFF,0
AKASK,1
GLGWK,0
GKSTLK,1
HEGRE,0
KEGDQ,1
FVSPE,0
TKTSQK,1
PPTLAS,1
QSTNQL,1
NGTRDY,0
EPMKK,1
SPWDI,1
SGLMM,0
EFFPE,0
STWAQ,1
IIISV,0
ARATR,0
SVQRVE,1
DLENRQ,1
LNVKMA,1
QPVISAQ,1
GSDRL,1
LLPIVGNLLNSLL,0
AVLQMD,0
ENGNPSYK,1
VQRNDD,1
LGKVPF,0
KGKKR,1
EGQNIIVIV,1
NKTAT,1
VKSSQP,1
NPPPEA,1
RVRLE,0
AAVNP,0
PREDDV,0
VGVSRA,0
FLPLLVGAISSILPKIF,0
LYVPVT,0
SEAGS,1
LYPDSS,0
EEKRGFT,1
TEHLGT,0
FITLLLRKFICSITKKC,0
ETNEAA,0
WFGEN,0
KSGKK,1
NGVLA,0
GQGAGSVQR,1
GNNFQ,0
VENEV,0
IDQGKL,1
PDHGREANM,0
EEELE,0
KGGNIG,1
YEASILT,1
KQTAR,1
YQQTRA,0
RVLDG,1
SLRVLDSRL,1
EDGTE,1
SIAVG,1
PGDSETA,1
AECIVPAIDY,0
IQGDSES,1
GIRKE,1
KLARTRHRY,0
HHFIKL,0
YNRVLR,0
LELFIVLAV,0
ASHPPVEGS,1
MDNPFEFNPE,1
DDGLLF,0
KDYEN,1
ASSLS,0
YHQEL,0
NEVVWS,0
RNLDNG,1
VPNDM,0
EEQGRD,1
GVPCGESCVFIPCITGVIGCSCSSNVCYLN,0
DANKK,1
LEGSS,1
KELGINIW,0
EMDAE,1
QISMEY,0
SLRKN,1
VISVV,0
PYREGYAD,1
FFPLVLGALGSILPKIF,0
DQEAQDDIKI,0
IVSTEP,0
DDDFT,1
HVYKA,0
IAPDVD,1
LRGCDASSI,0
LIVNR,0
PLSIARLRY,0
RYVLLSG,0
LLMVGNH,1
DTLGT,0
GHVYQQDEIR,0
PKGNR,1
LKLKSIVSWAKKVL,0
YKQNPE,1
AYKCDAN,0
QTLGT,0
SHMIP,0
DESGH,1
LPLAR,1
CFHHAESD,1
KPVDPDE,1
LEPEK,0
YDQSD,0
ESLESQ,1
KLGIS,0
NHEKNQN,1
KDTHPKFPA,1
PGSVG,1
ASDSWE,0
GRSGHEAT,0
ATADRD,1
VSAAP,1
VAELS,1
SDENYK,1
RRTGY,1
GIGGALLSVGKLALKGLANVLADKFAN,0
GEEFGKVS,0
SKEEP,1
EKAKE,1
ATPLS,0
KEATA,0
AEKGRDA,1
VTMQK,0
IVVQS,0
NEANK,1
YKYAMHD,0
DPEEE,1
VMEINLE,0
VGGSSI,1
NITPE,1
QQRYT,1
ARPDIMQAK,0
SFVGILN,0
PLMLLEHH,1
DAADT,1
HGITL,0
VISRY,0
EALHSSGM,1
ASNESR,0
FLFSLIPHAIGGLISAFK,0
YDNDVV,0
SQFGYNGGT,0
AYKGR,0
VAVEL,0
GITPL,0
PKTHLE,1
DTPPV,1
GPLPS,0
PICLD,1
SCLQG,0
SSDGR,1
FFALDT,0
STALVFY,0
FRVGVA,0
TGIIWRTA,0
KEGQRK,1
QSLTKPL,0
FLPAIVGAAAKFLPKIFCAISKKC,0
LAMFEMMT,0
TKADEHP,0
NDNFCVQ,0
NDSGPRR,1
ETMKA,0
GSLNDEGE,1
VKVDP,0
VNTMNLPKRK,1
CETTSD,0
GKRTDEA,1
ARPKPKPGDG,1
AEPDIM,1
KTNEAQ,1
PTIGKI,0
VPATLATA,0
ENGVRLIR,0
LNLKALLAVAKKIL,0
GGEQI,1
NQNQNF,1
SPELDAMA,1
GYSFTLAHL,0
EDGSQIA,1
LEQPQ,1
PGGSGT,1
REVVSP,1
YKTFS,1
LPGMN,1
SSGNLLDEAK,0
QDRNA,0
SGEIRG,0
FLPFVGKLLSGLL,0
FITGLISGLMKAL,0
LVWAG,0
KKADY,0
NDVVN,0
IQKGS,1
KDQEVK,1
TSEKC,1
EPPSGL,1
QVGPL,1
GLPVCGETCVGGTCNTPGCACSWPVCTRN,0
FLFSLIPSAISGLISAF,0
VYELKQ,0
YSMAE,0
LRPRT,1
PGSRG,0
AAAGRGP,1
VHVFGDELSL,1
DSSGE,1
PVETAN,1
DFIYHEAV,1
AGEEAGA,1
ILGES,1
TEEAKK,0
LSAPP,1
DPLAA,0
PFPAH,0
NPKYSV,1
IPFYY,0
GPRSHN,0
MRNELE,1
GSRTGH,0
TTPACFTIGLGVGALFSAKFC,0
RGQLDP,0
HELWPV,0
NADHHNY,0
IHSLQAEGR,0
GWASSIGSILGKFAKGGAQAFLQPK,0
ESPLSLG,0
VDSLAF,0
TAPLA,0
SSVKP,1
EEVLV,0
GLHTL,0
EEPQP,0
GVASGT,0
RMLKK,0
IDRDAKLGP,0
PKTLEG,1
YSVENPANK,1
STGKN,1
RRRLG,1
DKWDE,0
ENRGLDR,1
TKDAST,1
NSPSPQMN,1
TVNKGS,1
VVEQGHYQT,0
QADPY,1
VDKTQ,1
QGPDRPQE,1
PSFPLEPD,1
HANGTEKA,1
SSNKL,0
ENIRENV,0
LYYTQDQ,0
RSNQVH,0
GDATP,0
AGKAG,0
SMVDK,1
AHTLFY,0
EAEAK,0
RNVSV,0
QDRVP,1
KKKGF,1
PEGQT,1
SLRQED,1
RWCVYAYVRIRGVLVRYRRCW,0
DGDLG,0
LTPSM,0
LMLQR,0
ASADMG,0
EKMELT,0
QPGIWT,0
VDLDQDSQV,0
DSTGH,1
DVPGG,1
HLNIRGH,0
NQYLI,0
EDGSG,1
GTAYLLN,0
TAKDFLMT,0
PSSNDK,1
VSEVRSR,0
GFVALLKKLPLILKHLH,0
QMRTN,0
TMHAVC,0
QPSNR,0
DQQQT,1
RVLDSRL,1
DRSEN,1
TILGG,1
SLRRRK,1
SLFNTE,0
IPTVL,0
GIGALSAKGALKGLAKGLAEHFAN,0
LETLW,0
SDADPS,1
IRSGDRPSY,1
QAELCPS,0
DQKGGL,1
SFISNQ,0
TQTGEE,1
APSKGT,1
NLETI,0
HSKMFK,0
PDRGEKL,0
SFSAG,0
LTNLL,0
KNKDG,1
ATEQSR,1
SYEQYLS,1
LEVPTQ,0
GSSTL,1
LRLRGG,1
PLEDKLLIS,0
IYLLA,0
AMNMI,0
KDAYGA,0
NQALGL,0
VMSEDN,0
GKAAVS,0
GLAPS,0
EREAC,0
ERRYRKVFE,1
VTGGK,1
SQNEE,0
ERLSIQN,1
PQSNRS,1
ANAAI,1
KGNKE,1
RSVFT,0
EEKIL,0
QGELDRFG,1
LDNDKY,1
FMGRE,1
SAQRITD,0
PPTEP,1
GLSPNIG,0
EPTSVQEFGG,0
LDKKIDV,1
PQSSFNAAL,0
SPYTA,0
QGEREPG,1
QGNED,1
GPEEFI,0
HKDVIS,0
QAENMP,1
KPGDN,1
ANRSG,1
DGVLAMWWLQ,0
SNQYK,1
SDEESEQ,1
AYKLGA,0
SEQSI,1
TLVIM,0
PMANT,0
SPGGVR,0
SFGWH,0
NSLFQR,0
SWPTR,0
PTQDTE,1
DEVVPGK,1
KEEKG,1
VTLAT,1
QTEDI,1
LIEGR,1
VAGITN,0
LARDGA,1
KDQKK,1
AALKVFIA,0
NDQTI,0
AVDKT,1
INFVPD,0
PSGMTL,1
HQEKRKT,1
PRQFQNGN,1
CKGTP,1
EGFVIPD,1
DLLQVVMG,0
FLPIVASLAANFLPKIICKITKKC,0
LAIGE,0
QRLHG,0
KKAGAS,1
NAKGR,1
PQIALL,0
IADGL,1
QAQHPD,1
SLAVAG,0
PLCEIW,0
SALNQG,1
KGSCK,0
LKSSI,0
MAKKALKSESA,1
DKSYGKNR,0
PEGRTYAD,1
VAAKT,1
IEDEK,0
AQGEI,1
KQAGSDRP,1
HVLAQM,0
PGLTI,0
RSGDG,0
KEGDKF,1
SPLEMSST,1
FIDLLYDQ,0
RIEVHK,0
GVLATVN,0
DGTDA,0
GRSLLLPFE,1
VQRTGQ,1
SKIVAVV,0
VAVEV,0
IAQLW,0
FNVKYF,0
KQHEKE,1
DGFGP,1
SQASPS,1
TRGKA,1
GELLDE,1
RRKGLE,1
RTTKP,1
PNQIAIA,0
VHNHPFG,0
SEPKEY,0
RRHHR,1
GRTEAWKV,1
DINCY,0
PSTEAT,0
EHHEMA,1
GESGN,0
RRRPG,1
EEMYA,0
EVYIAEN,0
PLKEK,1
QVNLLR,0
EESETQ,1
YKKTI,0
HLQQG,1
QMDGR,1
EEQLT,0
EGQER,1
KNNNRQ,1
IIENG,0
YIPYA,0
PSVDN,0
KSQGQDV,1
RKLLEGEE,1
EKLTQ,1
HRNLQH,1
RRSVQ,0
LRLRQSP,1
EKLEK,1
VILDNI,1
VTYDCNIK,0
NHPWA,0
NFKKQ,0
KDPKE,1
PPTRR,1
APEAH,0
PHTGH,1
IRPGAKKV,0
SDLPVE,1
FLQRH,0
LSYRCP,1
QGSELQVTMH,1
PSEPVVT,1
LKTPE,0
IFDRKK,1
IAEGQ,0
GTNAEDA,0
IVSMTA,0
RKASVV,0
VLMDY,0
QFYSS,1
VTPEER,1
IIDSH,0
IPHNLEVMQGT,0
FSAMK,1
AKGQQ,1
EADQP,1
ECQNKNAL,0
AKMIVLI,0
KEAIPK,0
QINEQ,1
ALEEQ,1
FLGSIVGALASALPSLISKIRN,0
SSDLL,0
DEASL,1
GGTLAN,0
VENNLDIDG,1
GVPMN,1
EYDYL,1
QGDRK,0
QIPQPGSGPSK,1
RDMSG,1
MLPEG,1
HEGVR,1
GRKSRP,1
TSKEADAE,1
QATPD,0
TTIMI,0
LTGDAL,0
NNTNI,0
TKEPR,1
ISKLD,0
MAKVE,1
GICFE,1
VVKSR,0
LQIATL,0
LEGSLI,1
DTYHN,0
PRPSAD,1
GFKDLLKGAAKALVKTVLF,0
SQPDH,1
PTQQQ,1
DAISGFA,1
VGQAA,0
GPNKR,1
YLLKH,0
FNQSEILQ,0
ATLAK,1
PTRAD,1
LIMKGL,0
RYRMTT,1
GEEVS,0
LHKESDD,0
YELLV,0
LALDVL,0
DLTGEP,1
KADRMAA,0
DDDDE,1
VQGITD,0
MAEIVK,0
DKPLT,1
KDSDL,0
NHVEEMG,0
QCAMK,0
DPIEKD,1
KLWGC,0
ILRGAVR,0
ISEDI,1
ASFIRA,0
LNDEGE,1
LARGLR,0
EDKTRNI,0
LEDYDRL,1
ACVPD,0
LDDPF,0
QLFVVR,0
AEEFLE,0
PPVRIV,0
KIKTKK,1
KDGDG,1
EASPT,0
TDDRKR,1
IITDTED,1
PALKRD,0
AGFDTM,0
KGVVP,1
PQQKRSS,1
ELDPE,1
PQSEVA,0
VVGSV,0
APAEE,0
PVTNQTK,1
WAKVG,0
KHLPD,1
KKKDV,1
YKYLN,0
KFFGSLPDS,1
HELGPRA,0
LTSDTYK,1
GRNNR,1
LEDEF,0
QGTDEKFQ,1
GGASSRGEN,1
EHAHYANT,0
SDVSK,1
DRGYFLS,1
GLFGKLIKKFGRKAISYAVKKARGKH,0
ETHDL,0
DASVT,1
VWRYNY,0
EELYTED,0
PDKYQ,1
NDLSE,0
TGNNT,1
ELSVC,0
NACHI,0
RREVDSI,1
TAVEG,1
KDGRK,1
EKDET,1
HDTQI,0
KLAATSEVG,1
QLVYFIK,0
LFQFKV,0
QDSLY,1
EDECV,0
GIGGKILGGLRTALKGAAKELAATYLH,0
TDGSHE,1
PPLED,1
VILETR,0
EKHKA,1
VDQHTIL,0
INLKALAALAKKIL,0
PNESM,1
STEQASR,1
AQLAHI,0
QAPHKHGFLE,1
PEKLQ,0
FINPET,1
SDEKT,1
GIPCGESCVFIPCISSVIGCSCSSKVCYRN,0
KNPQNPTD,1
PHGLSS,1
ELEADL,1
ATTGGG,1
NFLGKFSL,0
EPNET,1
KGDKNK,1
PSENY,0
HIEEYE,1
NKGNKK,1
RELEE,0
PYYKNT,1
TGSNT,1
TVEQVE,0
TLENG,1
GYETKNP,0
FHDHR,0
KASRL,0
LQQTNS,1
KDVIL,0
KNHADA,1
KGAWPS,1
FIGAILPAIAGLVGGLINR,0
KCDAG,0
AQEHP,0
EQGGV,0
NLMFEEL,0
VPGEMEI,1
TGSGP,1
VIYVV,0
FDLLEI,0
TQEQVEL,1
RFRTG,1
MRGSSC,0
KRISGTSI,1
QSHPDAAVQ,1
DIHVI,0
KPSDE,1
SGSGE,1
SVNSK,1
FYRDWE,0
CRSAQ,0
PAGKV,1
YFQSMP,1
RMNPSL,1
VHTEVREAQ,0
ADMPH,1
DSLISLRR,0
SDNFK,1
KFVEA,0
FLSALF,0
LLMLN,0
DANLVC,0
KKAPFDI,0
DRVEGK,0
ARTVI,0
TAEDIQERRQQ,1
TNSTF,1
NRFEE,1
EPSKV,0
EASCQKW,1
EAWVGRDRAS,1
TSLEL,0
VNSTWRT,1
DKIDA,1
RLVNEI,0
ILGQE,1
KNGER,1
AIFAF,0
EAEFA,0
FVSVH,0
AVRGSP,1
MTTQA,1
KTGET,1
AFGYIIDDVK,0
DSWDKYQ,1
KRKNKPK,1
ASGSNK,0
PHAKQA,0
LGFLRT,0
MSFKEKT,0
ELKNLELAA,1
THPDK,1
AEQRNRD,1
LGNLFA,0
AAIFH,1
GVKVP,1
NDDPWG,1
PEGEMKP,1
NLVSGLIEARKYLEQLHRKLKNCKV,0
SSSGE,1
TNSEE,1
RAAMD,1
VSLESL,0
VDNEI,1
RIPRNLR,0
RYSDR,1
TNGQQ,1
PGEPFGSVE,1
NQLIAM,0
KPRER,0
ERGPS,1
NKTED,1
EAGKR,0
FQWLQ,0
AIEAS,1
YKVPLAGLEY,1
PVDNEI,1
RTGSESPKV,1
MFPRCTN,0
AGTVLL,0
PNRKA,0
TQAQI,1
MDRKVARE,1
MDKEK,1
DNLAGAP,0
DEINE,0
NDKKN,1
AKGLE,0
MLYHH,1
YNKGFR,0
KKKSD,0
AVVKVVLYLL,0
KGKMRF,1
KIRSGDRPSY,1
HEDLGKF,0
ISTRRVIIV,0
GHPID,0
EEGWTTN,0
ADKPY,1
SFVGI,0
QPVSLKE,1
QLLSPSSSI,1
NQKCG,0
GQSLNKLV,0
SQSTNQ,1
LQDNAK,1
VEAPT,0
VVRKQDG,1
LYFVKKA,0
EYYKDST,1
WYKGH,0
EMTNT,0
SSPDEPLT,1
ELGIT,0
GDNFS,0
RNKVK,0
MAEYNMP,1
TGEGDT,1
SNIEEDR,1
KVLWS,0
AVDRR,1
KKEPG,1
VMTDYAG,0
KWCFRVCYRGICYRRCR,0
SDPHK,1
PDGQH,0
IEVDNEI,0
LVPGK,1
LDDSI,1
DDFIMKLRHL,0
DGTTNA,1
YAETH,0
QSDPY,1
AESHCKEGDQ,1
SAIREDV,0
SNYKNDV,1
PNLGW,1
HQEEN,1
MLDNRK,1
RKSNVPEV,1
QGGLT,0
THSGG,1
TDKPILD,1
NCPEV,1
FSCHDS,0
VTRKL,1
RNDLSP,1
TNLGEK,1
TKKSDGK,1
VCSVA,1
TEKLEQ,1
YDKEDLA,0
ANGDL,0
HGSHH,1
SRLDLN,0
ECSVYVS,0
PLDHK,1
SESHP,1
KPMSP,0
QKKLAGD,1
QHLSD,1
TEGNR,0
KTTPPVLDSDG,1
LSGRP,1
DGTAF,0
VEGKAPYEL,0
GVVTDLLNTAGGLLGNLVGSLSG,0
IELIWLQSPL,0
ERAKLN,1
LDDVEA,0
INWKGIAAMAKKLL,0
GAPSATQP,1
QSLDN,1
HSEGSLV,0
KWSNWE,1
EVSSSRQF,0
LVYVEM,0
ALHKDE,0
SLDEIK,0
FYEPNCP,0
AHHEPHRS,0
LKEETQYAV,0
GCVKE,0
DKVCSNTC,1
PSVCR,0
SCKEA,1
KLWAKA,0
LTLPT,1
LITIH,0
GDAQES,0
GKVPLAHE,0
MREWLD,1
ASGDG,1
ICEKH,0
KGQQDRV,0
ANGVI,0
SRKPLLP,1
VLTAIH,1
ENLAAQ,1
LTKSRPVT,0
DNPLS,0
FFPFLLGALGSLLPKIF,0
LFVAA,0
LGAQKP,1
DRNKP,1
QDDDR,1
DNNKTEKE,1
FGTIL,0
PPSDG,0
PVGMF,0
FGHRQ,0
VANTDKKS,1
RSFSS,0
AACQKH,1
AAAVV,0
VCDAQD,0
MFYDAL,0
PHLPRA,1
AKRKS,1
HILLFRRPLPK,1
ETLHNYV,0
QQGGRE,1
SKDLE,1
YTKVTC,1
VVKLR,0
QIAFILE,0
GKAEV,1
KKHTTHVRRP,0
EKTSGS,1
KKNNVNV,1
TPRQN,0
ANTDKKS,1
GSGGFGS,1
DREKG,1
KRGRKQCKTHP,1
NIAGK,0
MKSSDKQA,0
AEGLH,0
ANQAE,0
ELNKDS,1
PTLKGTW,1
GQRKG,0
FEDKEI,1
GDAKE,1
PTPGVV,1
ELNPE,1
RIGVLLARLPKLFSLFKLMGKKV,0
SEYHEK,0
AMAAKVVYV,1
TVWGSTVQ,1
FFIRVFSRG,0
EDLRQGLLPV,1
IYESIGKQSL,0
RPDYT,1
REFALI,0
SHPDAAVQ,1
EGLIKAR,0
WLRQSI,0
LGADH,1
RSPERR,1
VDPEK,1
RDVTR,1
IPDQP,1
RKREAI,0
GSAREN,1
MHHHH,1
LRLTP,1
KVGEQ,1
DHVLH,1
KILDA,0
TEGKT,1
GEESND,1
GIMKG,1
DKAKGL,1
GIGAVLKVLTTGLPALISWIKRKRQQ,0
YERQSWA,0
SQFGG,0
VDHSKRI,0
QDPDK,1
ASPWV,0
KGETKS,1
NRTRGRFMD,0
SIQRKI,0
SEDTSGK,1
IDVSI,0
IFGFEV,0
PNCSGF,1
TILDEEH,0
LDPGT,0
GPEKD,1
KEFSIVQ,0
YIYSAPI,0
KEKKLT,1
DAGDPT,1
SIELA,0
NKQDC,1
NQSSQ,0
MKPFIS,1
PRHIP,1
SDAKR,1
LIFADYG,0
YEKGL,1
AIGSILGALAKGLPTLISWIKNR,0
SIIKSL,0
PTCRKK,1
EEAFAS,1
KLRGKR,0
TAGKLVS,1
PVALVL,0
SDDDK,1
SKYMTPMQQ,1
TKGSDK,1
AEELGNYK,0
FSERVGRY,0
RAGHGE,0
TGDDK,1
KWDGK,0
DEIVD,0
VKLRIT,0
QDPSI,0
HNFNI,1
DFEVF,1
DTTQK,0
VPLLQ,0
IARGVP,1
GPGPLTT,0
VKLGHP,1
HLEIK,0
KNPTA,1
SVNGDV,1
GSHMTYPKYL,1
SRQEVA,0
MRYIGFR,0
SVRPR,0
EGEQD,1
SKAYC,0
TNVLQ,1
DRGDS,1
EPTGN,0
FLPIIAGAAAKVVEKIFCAISKKC,0
RGQVV,0
KENTK,1
SHCDN,0
IMTFHNSGVP,1
VELNF,0
PGQPE,1
VNKDG,1
GSGPR,1
KKKEE,1
GGLRSLGRKILRAWKKYGPIIVPIIRIG,0
SEEGN,1
EILIEMTEK,0
PLEVQL,0
TSNPN,0
NVDNWH,0
GETSG,1
ECDKF,1
TERARVV,0
PPCTGEGDT,1
VADES,1
RIARDAKYA,0
SENKR,1
HDSPA,1
ERQGL,1
FSAVM,0
SSKGG,0
VQPHASPD,0
HGGIM,0
HTAFLK,1
YCVNR,1
ILGPVLSLVGSALGGLIKKI,0
HPNMRE,0
ERLLG,1
REQTRM,0
EDTIVE,0
ISEELI,1
VRAKFL,0
LYFYT,0
SDDQP,1
LEGNS,0
RVILFI,0
ALEWNK,0
KHACAQTA,0
VALDPI,0
VWGADK,1
EEGSQ,1
GVKVES,0
TDKNIS,1
IKIIEF,0
DKRRP,0
KEEEGLA,1
KKRDL,1
MYTYI,1
LPLGVRN,0
CLDSE,0
EHYSQ,1
QSKKK,1
GLAIQ,0
FIRFGRP,0
DSDQKA,0
SWGNS,1
GFMKYIGPLIPHAVKAISDLI,0
SRKAKEMHVGT,0
KKLVNTYEQKE,0
GFGCNKF,1
AAEQGRPPE,1
KEHDELGTT,0
GDSYL,0
QIEVK,0
PNVTD,1
HTFGQ,0
PEGVD,1
QEEINFRL,1
DSYPEP,1
RDRGK,0
GEVDFT,1
ELTLAK,1
FWDPI,1
PSVLVP,0
TYLGRA,1
QLVQQG,0
NDPQM,1
RQLLR,1
ITQLP,0
GIIEM,0
LVERKFF,0
ERGEE,1
NLVALV,0
IADNHVLF,0
KNAIN,1
FVKAN,0
LSEQP,0
ILVERL,0
VIPRRTKYL,0
KRKKV,0
LQEKF,0
IKIDLEE,0
WWKQK,0
DAKEDDCGQ,1
KRNSD,1
DKTTT,1
VIHYYR,0
YGHEI,0
EGLRE,1
VIMHIE,0
TRGSKK,1
MERDPP,1
EGNLEK,1
DAYGIKKG,0
FEIRGD,0
DAMKELQK,1
PERQHA,0
PEVQE,1
LLSLS,0
SNGED,1
HNAKTKPREE,1
TQDIK,0
QLDSFF,0
DDALNFDD,0
IAPVAEEEATV,1
AKLDV,0
RIGSK,0
TFSHKS,0
IPDGKR,1
TDDNRPIGP,1
NDPPPGMT,1
GYARVSS,0
EDLNPWA,0
MVVLP,0
EAETPT,1
MESLA,1
RQQQSG,1
EGSLF,1
GSAKR,0
KKKGEK,1
QDKEG,1
PLLKSAEREKE,1
EKTEGQ,1
QPDEQR,0
FTDTP,1
EGNKR,1
QLVRKL,1
KSKYMTPM,1
PVNTR,1
LEEVA,0
AKGEETKAME,1
LELFWI,0
TGDFS,0
SGQVEK,0
AQKSEPHS,1
PGEYD,0
TKTSGPR,1
KHPEAK,1
QVDALLL,0
GILDTLKQLGKAAAQSLLSKAACKLAKTC,0
NPKKI,0
RSAALE,0
EMCWS,0
FLKGCWTKWYSLKPKCPF,0
PDKNP,1
KCTGPG,0
VCTHLS,0
EKLEKIGEGT,1
LREGTR,1
LERSPHR,1
ATGKY,1
GLPVCGETCFGGTCNTPGCSCTWPICTRD,0
LTEEQI,1
DTQFF,0
ALSFG,0
PTDTSD,1
NVRED,0
EALYGM,1
FFGTALKIAANVLPTAICKILKKC,0
FQESL,1
SLHEL,0
KEVLKQLQGSI,1
PPVVI,1
AMESQI,0
KLGSTNEQS,1
SAPRGCWTKSYPPKPCK,0
KSIDGQQ,1
IDKFV,1
SEIQKVCHD,0
FLALSYS,0
AGTEEKKK,1
LWSQLA,0
GPLWP,0
RKKKDLKIR,1
KPGDE,1
GELLQ,0
EGSHKEEL,0
IILVRAS,0
KSLKVD,1
TALNEPT,1
EPNEPLKAK,0
NFTEN,0
PVCPPEEKDAK,1
PNGRD,1
VNGTVVPL,1
LDFHE,0
TAVIQTR,0
QLTPGGGP,1
KANIN,1
RNERASY,0
VGIDV,0
EDSANV,1
RGRARDE,1
LESSV,1
RQSLKLT,0
YNVVLQ,1
DGLGIA,0
HKYGATV,0
NKILLDEQA,1
LHIDPE,1
FESLVA,0
KQVKGSAD,1
TLPNIMK,1
CELPE,1
ETETL,1
KLRSD,1
EPCDS,1
SLSVDL,0
FFGWLIKGAIHAGKAIHGLIHRRRH,0
ELKRI,1
KLHLG,0
MEDTPL,1
ERSKT,1
EPEQS,0
SLGVT,0
QDGTR,1
DQCGVLD,0
EVAGFY,0
SCRRA,1
TRVQK,1
VGLKL,0
PSGRL,1
DDETK,1
PGDTNS,1
EASAD,1
FSEVY,0
QRLSQF,0
SLPKPKA,0
AFPTHAD,0
AIKGSV,1
GPIPQYE,0
QLMNQSLAL,0
RHPRD,1
AEEEQ,1
DFVIA,0
DHSVP,1
RSVNDW,1
KSNHD,0
ILQQESVKTSL,0
GRNKR,0
QGLKYWV,1
DGQWV,1
EEKEG,1
GSWAD,0
LDRNEED,1
SMRPDL,1
NGQPHGVNP,0
PPGAD,1
RKEEVDL,0
GTQELL,0
CGRSPA,1
PNSLSLSE,1
NSTFI,1
QEAKD,0
SIKRD,1
PASRY,1
KSIMNS,0
RSQTS,0
PQKQL,1
AGIHN,0
QQSSDP,1
VATEK,0
DILEK,0
SNPKFG,1
FIGALLRPALKLLAGK,0
NMRAV,0
AKFKV,0
SSGSAR,1
KTKAES,0
SEIIK,0
LQTNKE,1
YLVSE,0
DVFTP,1
